{
    "logs": [
        {
            "name": "Web service token created",
            "description": "The user with id '4' created a web service token for the user with id '4'.",
            "timecreated": "Tuesday, 18 March 2025, 3:49 PM",
            "origin": "Standard web request",
            "ip": "172.18.0.1",
            "other": {
                "auto": true
            },
            "authorid": 4,
            "author_of_the_action_was_you": "Yes",
            "relateduserid": 4,
            "related_user_was_you": "Yes"
        },
        {
            "name": "Web service token sent",
            "description": "The user with id '4' has been sent the web service token with id '2'.",
            "timecreated": "Tuesday, 18 March 2025, 3:49 PM",
            "origin": "Standard web request",
            "ip": "172.18.0.1",
            "other": [],
            "authorid": 4,
            "author_of_the_action_was_you": "Yes"
        },
        {
            "name": "Web service function called",
            "description": "The web service function 'core_course_search_courses' has been called.",
            "timecreated": "Tuesday, 18 March 2025, 3:49 PM",
            "origin": "Mobile app or web service",
            "ip": "172.18.0.1",
            "other": {
                "function": "core_course_search_courses"
            },
            "authorid": 4,
            "author_of_the_action_was_you": "Yes"
        },
        {
            "name": "Web service function called",
            "description": "The web service function 'enrol_self_enrol_user' has been called.",
            "timecreated": "Tuesday, 18 March 2025, 3:49 PM",
            "origin": "Mobile app or web service",
            "ip": "172.18.0.1",
            "other": {
                "function": "enrol_self_enrol_user"
            },
            "authorid": 4,
            "author_of_the_action_was_you": "Yes"
        },
        {
            "name": "Web service token created",
            "description": "The user with id '4' created a web service token for the user with id '4'.",
            "timecreated": "Tuesday, 18 March 2025, 3:49 PM",
            "origin": "Standard web request",
            "ip": "172.18.0.1",
            "other": {
                "auto": true
            },
            "authorid": 4,
            "author_of_the_action_was_you": "Yes",
            "relateduserid": 4,
            "related_user_was_you": "Yes"
        },
        {
            "name": "Web service token sent",
            "description": "The user with id '4' has been sent the web service token with id '3'.",
            "timecreated": "Tuesday, 18 March 2025, 3:49 PM",
            "origin": "Standard web request",
            "ip": "172.18.0.1",
            "other": [],
            "authorid": 4,
            "author_of_the_action_was_you": "Yes"
        },
        {
            "name": "Web service token sent",
            "description": "The user with id '4' has been sent the web service token with id '3'.",
            "timecreated": "Tuesday, 18 March 2025, 3:49 PM",
            "origin": "Standard web request",
            "ip": "172.18.0.1",
            "other": [],
            "authorid": 4,
            "author_of_the_action_was_you": "Yes"
        },
        {
            "name": "Web service function called",
            "description": "The web service function 'core_webservice_get_site_info' has been called.",
            "timecreated": "Tuesday, 18 March 2025, 3:49 PM",
            "origin": "Mobile app or web service",
            "ip": "172.18.0.1",
            "other": {
                "function": "core_webservice_get_site_info"
            },
            "authorid": 4,
            "author_of_the_action_was_you": "Yes"
        },
        {
            "name": "Web service function called",
            "description": "The web service function 'core_user_get_users_by_field' has been called.",
            "timecreated": "Tuesday, 18 March 2025, 3:49 PM",
            "origin": "Mobile app or web service",
            "ip": "172.18.0.1",
            "other": {
                "function": "core_user_get_users_by_field"
            },
            "authorid": 4,
            "author_of_the_action_was_you": "Yes"
        },
        {
            "name": "Web service function called",
            "description": "The web service function 'core_course_search_courses' has been called.",
            "timecreated": "Tuesday, 18 March 2025, 3:49 PM",
            "origin": "Mobile app or web service",
            "ip": "172.18.0.1",
            "other": {
                "function": "core_course_search_courses"
            },
            "authorid": 4,
            "author_of_the_action_was_you": "Yes"
        },
        {
            "name": "Web service function called",
            "description": "The web service function 'core_course_get_contents' has been called.",
            "timecreated": "Tuesday, 18 March 2025, 3:49 PM",
            "origin": "Mobile app or web service",
            "ip": "172.18.0.1",
            "other": {
                "function": "core_course_get_contents"
            },
            "authorid": 4,
            "author_of_the_action_was_you": "Yes"
        },
        {
            "name": "Web service function called",
            "description": "The web service function 'local_adler_get_element_ids_by_uuids' has been called.",
            "timecreated": "Tuesday, 18 March 2025, 3:49 PM",
            "origin": "Mobile app or web service",
            "ip": "172.18.0.1",
            "other": {
                "function": "local_adler_get_element_ids_by_uuids"
            },
            "authorid": 4,
            "author_of_the_action_was_you": "Yes"
        },
        {
            "name": "Web service function called",
            "description": "The web service function 'local_adler_score_get_course_scores' has been called.",
            "timecreated": "Tuesday, 18 March 2025, 3:49 PM",
            "origin": "Mobile app or web service",
            "ip": "172.18.0.1",
            "other": {
                "function": "local_adler_score_get_course_scores"
            },
            "authorid": 4,
            "author_of_the_action_was_you": "Yes"
        },
        {
            "name": "Web service function called",
            "description": "The web service function 'core_course_get_contents' has been called.",
            "timecreated": "Tuesday, 18 March 2025, 3:49 PM",
            "origin": "Mobile app or web service",
            "ip": "172.18.0.1",
            "other": {
                "function": "core_course_get_contents"
            },
            "authorid": 4,
            "author_of_the_action_was_you": "Yes"
        },
        {
            "name": "Web service function called",
            "description": "The web service function 'local_adler_get_element_ids_by_uuids' has been called.",
            "timecreated": "Tuesday, 18 March 2025, 3:49 PM",
            "origin": "Mobile app or web service",
            "ip": "172.18.0.1",
            "other": {
                "function": "local_adler_get_element_ids_by_uuids"
            },
            "authorid": 4,
            "author_of_the_action_was_you": "Yes"
        },
        {
            "name": "Web service function called",
            "description": "The web service function 'core_course_get_contents' has been called.",
            "timecreated": "Tuesday, 18 March 2025, 3:49 PM",
            "origin": "Mobile app or web service",
            "ip": "172.18.0.1",
            "other": {
                "function": "core_course_get_contents"
            },
            "authorid": 4,
            "author_of_the_action_was_you": "Yes"
        },
        {
            "name": "Web service function called",
            "description": "The web service function 'local_adler_get_element_ids_by_uuids' has been called.",
            "timecreated": "Tuesday, 18 March 2025, 3:49 PM",
            "origin": "Mobile app or web service",
            "ip": "172.18.0.1",
            "other": {
                "function": "local_adler_get_element_ids_by_uuids"
            },
            "authorid": 4,
            "author_of_the_action_was_you": "Yes"
        },
        {
            "name": "Web service function called",
            "description": "The web service function 'local_adler_trigger_event_cm_viewed' has been called.",
            "timecreated": "Tuesday, 18 March 2025, 3:49 PM",
            "origin": "Mobile app or web service",
            "ip": "172.18.0.1",
            "other": {
                "function": "local_adler_trigger_event_cm_viewed"
            },
            "authorid": 4,
            "author_of_the_action_was_you": "Yes"
        },
        {
            "name": "Web service function called",
            "description": "The web service function 'core_course_get_contents' has been called.",
            "timecreated": "Tuesday, 18 March 2025, 3:49 PM",
            "origin": "Mobile app or web service",
            "ip": "172.18.0.1",
            "other": {
                "function": "core_course_get_contents"
            },
            "authorid": 4,
            "author_of_the_action_was_you": "Yes"
        },
        {
            "name": "Web service function called",
            "description": "The web service function 'local_adler_get_element_ids_by_uuids' has been called.",
            "timecreated": "Tuesday, 18 March 2025, 3:49 PM",
            "origin": "Mobile app or web service",
            "ip": "172.18.0.1",
            "other": {
                "function": "local_adler_get_element_ids_by_uuids"
            },
            "authorid": 4,
            "author_of_the_action_was_you": "Yes"
        },
        {
            "name": "Web service function called",
            "description": "The web service function 'core_course_get_contents' has been called.",
            "timecreated": "Tuesday, 18 March 2025, 3:49 PM",
            "origin": "Mobile app or web service",
            "ip": "172.18.0.1",
            "other": {
                "function": "core_course_get_contents"
            },
            "authorid": 4,
            "author_of_the_action_was_you": "Yes"
        },
        {
            "name": "Web service function called",
            "description": "The web service function 'local_adler_get_element_ids_by_uuids' has been called.",
            "timecreated": "Tuesday, 18 March 2025, 3:49 PM",
            "origin": "Mobile app or web service",
            "ip": "172.18.0.1",
            "other": {
                "function": "local_adler_get_element_ids_by_uuids"
            },
            "authorid": 4,
            "author_of_the_action_was_you": "Yes"
        },
        {
            "name": "Web service function called",
            "description": "The web service function 'local_adler_trigger_event_cm_viewed' has been called.",
            "timecreated": "Tuesday, 18 March 2025, 3:49 PM",
            "origin": "Mobile app or web service",
            "ip": "172.18.0.1",
            "other": {
                "function": "local_adler_trigger_event_cm_viewed"
            },
            "authorid": 4,
            "author_of_the_action_was_you": "Yes"
        },
        {
            "name": "Web service function called",
            "description": "The web service function 'core_course_get_contents' has been called.",
            "timecreated": "Tuesday, 18 March 2025, 3:49 PM",
            "origin": "Mobile app or web service",
            "ip": "172.18.0.1",
            "other": {
                "function": "core_course_get_contents"
            },
            "authorid": 4,
            "author_of_the_action_was_you": "Yes"
        },
        {
            "name": "Web service function called",
            "description": "The web service function 'local_adler_get_element_ids_by_uuids' has been called.",
            "timecreated": "Tuesday, 18 March 2025, 3:49 PM",
            "origin": "Mobile app or web service",
            "ip": "172.18.0.1",
            "other": {
                "function": "local_adler_get_element_ids_by_uuids"
            },
            "authorid": 4,
            "author_of_the_action_was_you": "Yes"
        },
        {
            "name": "Web service function called",
            "description": "The web service function 'mod_adleradaptivity_get_question_details' has been called.",
            "timecreated": "Tuesday, 18 March 2025, 3:49 PM",
            "origin": "Mobile app or web service",
            "ip": "172.18.0.1",
            "other": {
                "function": "mod_adleradaptivity_get_question_details"
            },
            "authorid": 4,
            "author_of_the_action_was_you": "Yes"
        },
        {
            "name": "Web service function called",
            "description": "The web service function 'mod_adleradaptivity_get_task_details' has been called.",
            "timecreated": "Tuesday, 18 March 2025, 3:49 PM",
            "origin": "Mobile app or web service",
            "ip": "172.18.0.1",
            "other": {
                "function": "mod_adleradaptivity_get_task_details"
            },
            "authorid": 4,
            "author_of_the_action_was_you": "Yes"
        },
        {
            "name": "Web service function called",
            "description": "The web service function 'local_adler_score_get_element_scores' has been called.",
            "timecreated": "Tuesday, 18 March 2025, 3:49 PM",
            "origin": "Mobile app or web service",
            "ip": "172.18.0.1",
            "other": {
                "function": "local_adler_score_get_element_scores"
            },
            "authorid": 4,
            "author_of_the_action_was_you": "Yes"
        },
        {
            "name": "Web service function called",
            "description": "The web service function 'core_course_get_contents' has been called.",
            "timecreated": "Tuesday, 18 March 2025, 3:49 PM",
            "origin": "Mobile app or web service",
            "ip": "172.18.0.1",
            "other": {
                "function": "core_course_get_contents"
            },
            "authorid": 4,
            "author_of_the_action_was_you": "Yes"
        },
        {
            "name": "Web service function called",
            "description": "The web service function 'local_adler_get_element_ids_by_uuids' has been called.",
            "timecreated": "Tuesday, 18 March 2025, 3:49 PM",
            "origin": "Mobile app or web service",
            "ip": "172.18.0.1",
            "other": {
                "function": "local_adler_get_element_ids_by_uuids"
            },
            "authorid": 4,
            "author_of_the_action_was_you": "Yes"
        },
        {
            "name": "Web service function called",
            "description": "The web service function 'mod_adleradaptivity_answer_questions' has been called.",
            "timecreated": "Tuesday, 18 March 2025, 3:49 PM",
            "origin": "Mobile app or web service",
            "ip": "172.18.0.1",
            "other": {
                "function": "mod_adleradaptivity_answer_questions"
            },
            "authorid": 4,
            "author_of_the_action_was_you": "Yes"
        },
        {
            "name": "Web service token sent",
            "description": "The user with id '4' has been sent the web service token with id '3'.",
            "timecreated": "Tuesday, 18 March 2025, 3:49 PM",
            "origin": "Standard web request",
            "ip": "172.18.0.1",
            "other": [],
            "authorid": 4,
            "author_of_the_action_was_you": "Yes"
        },
        {
            "name": "Web service token sent",
            "description": "The user with id '4' has been sent the web service token with id '3'.",
            "timecreated": "Tuesday, 18 March 2025, 3:49 PM",
            "origin": "Standard web request",
            "ip": "172.18.0.1",
            "other": [],
            "authorid": 4,
            "author_of_the_action_was_you": "Yes"
        },
        {
            "name": "Web service function called",
            "description": "The web service function 'core_webservice_get_site_info' has been called.",
            "timecreated": "Tuesday, 18 March 2025, 3:49 PM",
            "origin": "Mobile app or web service",
            "ip": "172.18.0.1",
            "other": {
                "function": "core_webservice_get_site_info"
            },
            "authorid": 4,
            "author_of_the_action_was_you": "Yes"
        },
        {
            "name": "Web service function called",
            "description": "The web service function 'core_user_get_users_by_field' has been called.",
            "timecreated": "Tuesday, 18 March 2025, 3:49 PM",
            "origin": "Mobile app or web service",
            "ip": "172.18.0.1",
            "other": {
                "function": "core_user_get_users_by_field"
            },
            "authorid": 4,
            "author_of_the_action_was_you": "Yes"
        },
        {
            "name": "Web service function called",
            "description": "The web service function 'core_course_search_courses' has been called.",
            "timecreated": "Tuesday, 18 March 2025, 3:49 PM",
            "origin": "Mobile app or web service",
            "ip": "172.18.0.1",
            "other": {
                "function": "core_course_search_courses"
            },
            "authorid": 4,
            "author_of_the_action_was_you": "Yes"
        },
        {
            "name": "Web service function called",
            "description": "The web service function 'core_course_get_contents' has been called.",
            "timecreated": "Tuesday, 18 March 2025, 3:49 PM",
            "origin": "Mobile app or web service",
            "ip": "172.18.0.1",
            "other": {
                "function": "core_course_get_contents"
            },
            "authorid": 4,
            "author_of_the_action_was_you": "Yes"
        },
        {
            "name": "Web service function called",
            "description": "The web service function 'local_adler_get_element_ids_by_uuids' has been called.",
            "timecreated": "Tuesday, 18 March 2025, 3:49 PM",
            "origin": "Mobile app or web service",
            "ip": "172.18.0.1",
            "other": {
                "function": "local_adler_get_element_ids_by_uuids"
            },
            "authorid": 4,
            "author_of_the_action_was_you": "Yes"
        },
        {
            "name": "Web service function called",
            "description": "The web service function 'local_adler_score_get_course_scores' has been called.",
            "timecreated": "Tuesday, 18 March 2025, 3:49 PM",
            "origin": "Mobile app or web service",
            "ip": "172.18.0.1",
            "other": {
                "function": "local_adler_score_get_course_scores"
            },
            "authorid": 4,
            "author_of_the_action_was_you": "Yes"
        },
        {
            "name": "Email failed to send",
            "description": "Failed to send an email from the user with id '-10' to the user with id '4'\n            due to the following error: \"Could not instantiate mail function.\".",
            "timecreated": "Tuesday, 18 March 2025, 3:51 PM",
            "origin": "Command line tool",
            "ip": "",
            "other": {
                "subject": "New sign in to your New Site account",
                "message": "Hi integration_test_student integration_test_student,\n\nYour New Site account was just signed in to from a new device.\n\n* Your account: integration_test_student\nintegration_test_student@example.local\n* Tuesday, 18 March 2025, 3:49 PM\n* Device: Mozilla\/5.0 (Windows NT 10.0; Win64; x64) AppleWebKit\/537.36\n(KHTML, like Gecko) Chrome\/133.0.6943.16 Safari\/537.36\n* IP: 172.18.0.1\n\nIf this was you, then you don't need to do anything.\n\nIf you don't recognise this activity, please change your password [1].\n\nLinks:\n------\n[1] http:\/\/localhost:26875\/login\/change_password.php",
                "errorinfo": "Could not instantiate mail function."
            },
            "authorid": -10,
            "author_of_the_action_was_you": "No",
            "relateduserid": 4,
            "related_user_was_you": "Yes"
        },
        {
            "name": "Email failed to send",
            "description": "Failed to send an email from the user with id '-10' to the user with id '4'\n            due to the following error: \"Could not instantiate mail function.\".",
            "timecreated": "Tuesday, 18 March 2025, 3:51 PM",
            "origin": "Command line tool",
            "ip": "",
            "other": {
                "subject": "New sign in to your New Site account",
                "message": "Hi integration_test_student integration_test_student,\n\nYour New Site account was just signed in to from a new device.\n\n* Your account: integration_test_student\nintegration_test_student@example.local\n* Tuesday, 18 March 2025, 3:49 PM\n* Device:\n* IP: 172.18.0.1\n\nIf this was you, then you don't need to do anything.\n\nIf you don't recognise this activity, please change your password [1].\n\nLinks:\n------\n[1] http:\/\/localhost:26875\/login\/change_password.php",
                "errorinfo": "Could not instantiate mail function."
            },
            "authorid": -10,
            "author_of_the_action_was_you": "No",
            "relateduserid": 4,
            "related_user_was_you": "Yes"
        },
        {
            "name": "Email failed to send",
            "description": "Failed to send an email from the user with id '-10' to the user with id '4'\n            due to the following error: \"Could not instantiate mail function.\".",
            "timecreated": "Tuesday, 18 March 2025, 3:51 PM",
            "origin": "Command line tool",
            "ip": "",
            "other": {
                "subject": "New sign in to your New Site account",
                "message": "Hi integration_test_student integration_test_student,\n\nYour New Site account was just signed in to from a new device.\n\n* Your account: integration_test_student\nintegration_test_student@example.local\n* Tuesday, 18 March 2025, 3:49 PM\n* Device:\n* IP: 172.18.0.1\n\nIf this was you, then you don't need to do anything.\n\nIf you don't recognise this activity, please change your password [1].\n\nLinks:\n------\n[1] http:\/\/localhost:26875\/login\/change_password.php",
                "errorinfo": "Could not instantiate mail function."
            },
            "authorid": -10,
            "author_of_the_action_was_you": "No",
            "relateduserid": 4,
            "related_user_was_you": "Yes"
        },
        {
            "name": "User has logged in",
            "description": "The user with id '4' has logged in.",
            "timecreated": "Monday, 24 March 2025, 4:36 PM",
            "origin": "Standard web request",
            "ip": "172.18.0.1",
            "other": {
                "username": "integration_test_student",
                "extrauserinfo": []
            },
            "authorid": 4,
            "author_of_the_action_was_you": "Yes"
        },
        {
            "name": "Email failed to send",
            "description": "Failed to send an email from the user with id '4' to the user with id '2'\n            due to the following error: \"Could not instantiate mail function.\".",
            "timecreated": "Monday, 24 March 2025, 4:36 PM",
            "origin": "Standard web request",
            "ip": "172.18.0.1",
            "other": {
                "subject": "Data request: Export all of my personal data",
                "message": "Dear Admin User,\n\nYou have received a data request:\n\nTYPE\nExport all of my personal data\n\nUSER\nintegration_test_student integration_test_student\n\nREQUESTED BY\nintegration_test_student integration_test_student\n\nSITE\nNew Site [1]\n\nCOMMENTS\n\nDATE REQUESTED\nMonday, 24 March 2025, 4:36 PM\n\n-------------------------\nView the request [2]\n\nLinks:\n------\n[1] http:\/\/localhost:26875\/\n[2] http:\/\/localhost:26875\/admin\/tool\/dataprivacy\/datarequests.php",
                "errorinfo": "Could not instantiate mail function."
            },
            "authorid": 4,
            "author_of_the_action_was_you": "Yes",
            "relateduserid": 2,
            "related_user_was_you": "No"
        },
        {
            "name": "User logged out",
            "description": "The user with id '4' has logged out.",
            "timecreated": "Monday, 24 March 2025, 4:36 PM",
            "origin": "Standard web request",
            "ip": "172.18.0.1",
            "other": {
                "sessionid": "c3bio8npqdlas3na7if8ggfupb"
            },
            "authorid": 4,
            "author_of_the_action_was_you": "Yes"
        }
    ]
}